"Program","Year","Period","Week Ending","Geo Level","state","State ANSI","Ag District","Ag District Code","County","County ANSI","Zip Code","Region","watershed_code","Watershed","Commodity","Data Item","Domain","Domain Category","Value","CV (%)"
"CENSUS","2022","YEAR","","STATE","ALABAMA","01","","","","","","","00000000","","ANIMAL TOTALS","ANIMAL TOTALS, INCL PRODUCTS - SALES, MEASURED IN $","TOTAL","NOT SPECIFIED","7,289,857,000","4.1"
"CENSUS","2022","YEAR","","STATE","ALASKA","02","","","","","","","00000000","","ANIMAL TOTALS","ANIMAL TOTALS, INCL PRODUCTS - SALES, MEASURED IN $","TOTAL","NOT SPECIFIED","51,157,000","(L)"
"CENSUS","2022","YEAR","","STATE","ARIZONA","04","","","","","","","00000000","","ANIMAL TOTALS","ANIMAL TOTALS, INCL PRODUCTS - SALES, MEASURED IN $","TOTAL","NOT SPECIFIED","2,162,175,000","5.0"
"CENSUS","2022","YEAR","","STATE","ARKANSAS","05","","","","","","","00000000","","ANIMAL TOTALS","ANIMAL TOTALS, INCL PRODUCTS - SALES, MEASURED IN $","TOTAL","NOT SPECIFIED","8,560,595,000","9.0"
"CENSUS","2022","YEAR","","STATE","CALIFORNIA","06","","","","","","","00000000","","ANIMAL TOTALS","ANIMAL TOTALS, INCL PRODUCTS - SALES, MEASURED IN $","TOTAL","NOT SPECIFIED","16,035,587,000","2.4"
"CENSUS","2022","YEAR","","STATE","COLORADO","08","","","","","","","00000000","","ANIMAL TOTALS","ANIMAL TOTALS, INCL PRODUCTS - SALES, MEASURED IN $","TOTAL","NOT SPECIFIED","6,403,262,000","2.8"
"CENSUS","2022","YEAR","","STATE","CONNECTICUT","09","","","","","","","00000000","","ANIMAL TOTALS","ANIMAL TOTALS, INCL PRODUCTS - SALES, MEASURED IN $","TOTAL","NOT SPECIFIED","194,753,000","1.9"
"CENSUS","2022","YEAR","","STATE","DELAWARE","10","","","","","","","00000000","","ANIMAL TOTALS","ANIMAL TOTALS, INCL PRODUCTS - SALES, MEASURED IN $","TOTAL","NOT SPECIFIED","1,625,055,000","3.9"
"CENSUS","2022","YEAR","","STATE","FLORIDA","12","","","","","","","00000000","","ANIMAL TOTALS","ANIMAL TOTALS, INCL PRODUCTS - SALES, MEASURED IN $","TOTAL","NOT SPECIFIED","2,125,292,000","10.2"
"CENSUS","2022","YEAR","","STATE","GEORGIA","13","","","","","","","00000000","","ANIMAL TOTALS","ANIMAL TOTALS, INCL PRODUCTS - SALES, MEASURED IN $","TOTAL","NOT SPECIFIED","8,910,800,000","7.3"
"CENSUS","2022","YEAR","","STATE","HAWAII","15","","","","","","","00000000","","ANIMAL TOTALS","ANIMAL TOTALS, INCL PRODUCTS - SALES, MEASURED IN $","TOTAL","NOT SPECIFIED","159,282,000","4.2"
"CENSUS","2022","YEAR","","STATE","IDAHO","16","","","","","","","00000000","","ANIMAL TOTALS","ANIMAL TOTALS, INCL PRODUCTS - SALES, MEASURED IN $","TOTAL","NOT SPECIFIED","6,127,408,000","2.4"
"CENSUS","2022","YEAR","","STATE","ILLINOIS","17","","","","","","","00000000","","ANIMAL TOTALS","ANIMAL TOTALS, INCL PRODUCTS - SALES, MEASURED IN $","TOTAL","NOT SPECIFIED","4,127,327,000","4.8"
"CENSUS","2022","YEAR","","STATE","INDIANA","18","","","","","","","00000000","","ANIMAL TOTALS","ANIMAL TOTALS, INCL PRODUCTS - SALES, MEASURED IN $","TOTAL","NOT SPECIFIED","6,238,659,000","1.3"
"CENSUS","2022","YEAR","","STATE","IOWA","19","","","","","","","00000000","","ANIMAL TOTALS","ANIMAL TOTALS, INCL PRODUCTS - SALES, MEASURED IN $","TOTAL","NOT SPECIFIED","20,370,706,000","9.3"
"CENSUS","2022","YEAR","","STATE","KANSAS","20","","","","","","","00000000","","ANIMAL TOTALS","ANIMAL TOTALS, INCL PRODUCTS - SALES, MEASURED IN $","TOTAL","NOT SPECIFIED","15,569,130,000","2.1"
"CENSUS","2022","YEAR","","STATE","KENTUCKY","21","","","","","","","00000000","","ANIMAL TOTALS","ANIMAL TOTALS, INCL PRODUCTS - SALES, MEASURED IN $","TOTAL","NOT SPECIFIED","4,214,388,000","6.0"
"CENSUS","2022","YEAR","","STATE","LOUISIANA","22","","","","","","","00000000","","ANIMAL TOTALS","ANIMAL TOTALS, INCL PRODUCTS - SALES, MEASURED IN $","TOTAL","NOT SPECIFIED","1,440,449,000","13.3"
"CENSUS","2022","YEAR","","STATE","MAINE","23","","","","","","","00000000","","ANIMAL TOTALS","ANIMAL TOTALS, INCL PRODUCTS - SALES, MEASURED IN $","TOTAL","NOT SPECIFIED","298,269,000","4.8"
"CENSUS","2022","YEAR","","STATE","MARYLAND","24","","","","","","","00000000","","ANIMAL TOTALS","ANIMAL TOTALS, INCL PRODUCTS - SALES, MEASURED IN $","TOTAL","NOT SPECIFIED","1,978,483,000","3.4"
"CENSUS","2022","YEAR","","STATE","MASSACHUSETTS","25","","","","","","","00000000","","ANIMAL TOTALS","ANIMAL TOTALS, INCL PRODUCTS - SALES, MEASURED IN $","TOTAL","NOT SPECIFIED","148,766,000","8.2"
"CENSUS","2022","YEAR","","STATE","MICHIGAN","26","","","","","","","00000000","","ANIMAL TOTALS","ANIMAL TOTALS, INCL PRODUCTS - SALES, MEASURED IN $","TOTAL","NOT SPECIFIED","5,165,520,000","16.4"
"CENSUS","2022","YEAR","","STATE","MINNESOTA","27","","","","","","","00000000","","ANIMAL TOTALS","ANIMAL TOTALS, INCL PRODUCTS - SALES, MEASURED IN $","TOTAL","NOT SPECIFIED","11,338,329,000","19.5"
"CENSUS","2022","YEAR","","STATE","MISSISSIPPI","28","","","","","","","00000000","","ANIMAL TOTALS","ANIMAL TOTALS, INCL PRODUCTS - SALES, MEASURED IN $","TOTAL","NOT SPECIFIED","4,929,592,000","10.2"
"CENSUS","2022","YEAR","","STATE","MISSOURI","29","","","","","","","00000000","","ANIMAL TOTALS","ANIMAL TOTALS, INCL PRODUCTS - SALES, MEASURED IN $","TOTAL","NOT SPECIFIED","6,835,915,000","2.7"
"CENSUS","2022","YEAR","","STATE","MONTANA","30","","","","","","","00000000","","ANIMAL TOTALS","ANIMAL TOTALS, INCL PRODUCTS - SALES, MEASURED IN $","TOTAL","NOT SPECIFIED","2,061,081,000","4.1"
"CENSUS","2022","YEAR","","STATE","NEBRASKA","31","","","","","","","00000000","","ANIMAL TOTALS","ANIMAL TOTALS, INCL PRODUCTS - SALES, MEASURED IN $","TOTAL","NOT SPECIFIED","15,405,428,000","3.6"
"CENSUS","2022","YEAR","","STATE","NEVADA","32","","","","","","","00000000","","ANIMAL TOTALS","ANIMAL TOTALS, INCL PRODUCTS - SALES, MEASURED IN $","TOTAL","NOT SPECIFIED","518,611,000","2.1"
"CENSUS","2022","YEAR","","STATE","NEW HAMPSHIRE","33","","","","","","","00000000","","ANIMAL TOTALS","ANIMAL TOTALS, INCL PRODUCTS - SALES, MEASURED IN $","TOTAL","NOT SPECIFIED","104,958,000","5.2"
"CENSUS","2022","YEAR","","STATE","NEW JERSEY","34","","","","","","","00000000","","ANIMAL TOTALS","ANIMAL TOTALS, INCL PRODUCTS - SALES, MEASURED IN $","TOTAL","NOT SPECIFIED","134,699,000","4.4"
"CENSUS","2022","YEAR","","STATE","NEW MEXICO","35","","","","","","","00000000","","ANIMAL TOTALS","ANIMAL TOTALS, INCL PRODUCTS - SALES, MEASURED IN $","TOTAL","NOT SPECIFIED","2,053,107,000","2.4"
"CENSUS","2022","YEAR","","STATE","NEW YORK","36","","","","","","","00000000","","ANIMAL TOTALS","ANIMAL TOTALS, INCL PRODUCTS - SALES, MEASURED IN $","TOTAL","NOT SPECIFIED","4,898,870,000","0.7"
"CENSUS","2022","YEAR","","STATE","NORTH CAROLINA","37","","","","","","","00000000","","ANIMAL TOTALS","ANIMAL TOTALS, INCL PRODUCTS - SALES, MEASURED IN $","TOTAL","NOT SPECIFIED","13,977,825,000","20.7"
"CENSUS","2022","YEAR","","STATE","NORTH DAKOTA","38","","","","","","","00000000","","ANIMAL TOTALS","ANIMAL TOTALS, INCL PRODUCTS - SALES, MEASURED IN $","TOTAL","NOT SPECIFIED","1,557,092,000","4.5"
"CENSUS","2022","YEAR","","STATE","OHIO","39","","","","","","","00000000","","ANIMAL TOTALS","ANIMAL TOTALS, INCL PRODUCTS - SALES, MEASURED IN $","TOTAL","NOT SPECIFIED","6,654,140,000","2.8"
"CENSUS","2022","YEAR","","STATE","OKLAHOMA","40","","","","","","","00000000","","ANIMAL TOTALS","ANIMAL TOTALS, INCL PRODUCTS - SALES, MEASURED IN $","TOTAL","NOT SPECIFIED","6,952,396,000","1.9"
"CENSUS","2022","YEAR","","STATE","OREGON","41","","","","","","","00000000","","ANIMAL TOTALS","ANIMAL TOTALS, INCL PRODUCTS - SALES, MEASURED IN $","TOTAL","NOT SPECIFIED","2,120,423,000","1.5"
"CENSUS","2022","YEAR","","STATE","PENNSYLVANIA","42","","","","","","","00000000","","ANIMAL TOTALS","ANIMAL TOTALS, INCL PRODUCTS - SALES, MEASURED IN $","TOTAL","NOT SPECIFIED","6,788,903,000","1.8"
"CENSUS","2022","YEAR","","STATE","RHODE ISLAND","44","","","","","","","00000000","","ANIMAL TOTALS","ANIMAL TOTALS, INCL PRODUCTS - SALES, MEASURED IN $","TOTAL","NOT SPECIFIED","20,618,000","4.5"
"CENSUS","2022","YEAR","","STATE","SOUTH CAROLINA","45","","","","","","","00000000","","ANIMAL TOTALS","ANIMAL TOTALS, INCL PRODUCTS - SALES, MEASURED IN $","TOTAL","NOT SPECIFIED","2,812,541,000","4.1"
"CENSUS","2022","YEAR","","STATE","SOUTH DAKOTA","46","","","","","","","00000000","","ANIMAL TOTALS","ANIMAL TOTALS, INCL PRODUCTS - SALES, MEASURED IN $","TOTAL","NOT SPECIFIED","5,257,945,000","5.1"
"CENSUS","2022","YEAR","","STATE","TENNESSEE","47","","","","","","","00000000","","ANIMAL TOTALS","ANIMAL TOTALS, INCL PRODUCTS - SALES, MEASURED IN $","TOTAL","NOT SPECIFIED","2,157,240,000","4.5"
"CENSUS","2022","YEAR","","STATE","TEXAS","48","","","","","","","00000000","","ANIMAL TOTALS","ANIMAL TOTALS, INCL PRODUCTS - SALES, MEASURED IN $","TOTAL","NOT SPECIFIED","24,919,914,000","2.2"
"CENSUS","2022","YEAR","","STATE","UTAH","49","","","","","","","00000000","","ANIMAL TOTALS","ANIMAL TOTALS, INCL PRODUCTS - SALES, MEASURED IN $","TOTAL","NOT SPECIFIED","1,623,782,000","2.2"
"CENSUS","2022","YEAR","","STATE","VERMONT","50","","","","","","","00000000","","ANIMAL TOTALS","ANIMAL TOTALS, INCL PRODUCTS - SALES, MEASURED IN $","TOTAL","NOT SPECIFIED","706,712,000","2.7"
"CENSUS","2022","YEAR","","STATE","VIRGINIA","51","","","","","","","00000000","","ANIMAL TOTALS","ANIMAL TOTALS, INCL PRODUCTS - SALES, MEASURED IN $","TOTAL","NOT SPECIFIED","3,609,812,000","10.6"
"CENSUS","2022","YEAR","","STATE","WASHINGTON","53","","","","","","","00000000","","ANIMAL TOTALS","ANIMAL TOTALS, INCL PRODUCTS - SALES, MEASURED IN $","TOTAL","NOT SPECIFIED","3,593,363,000","2.0"
"CENSUS","2022","YEAR","","STATE","WEST VIRGINIA","54","","","","","","","00000000","","ANIMAL TOTALS","ANIMAL TOTALS, INCL PRODUCTS - SALES, MEASURED IN $","TOTAL","NOT SPECIFIED","715,514,000","2.1"
"CENSUS","2022","YEAR","","STATE","WISCONSIN","55","","","","","","","00000000","","ANIMAL TOTALS","ANIMAL TOTALS, INCL PRODUCTS - SALES, MEASURED IN $","TOTAL","NOT SPECIFIED","10,271,183,000","7.5"
"CENSUS","2022","YEAR","","STATE","WYOMING","56","","","","","","","00000000","","ANIMAL TOTALS","ANIMAL TOTALS, INCL PRODUCTS - SALES, MEASURED IN $","TOTAL","NOT SPECIFIED","1,242,159,000","3.2"
"CENSUS","2017","YEAR","","STATE","ALABAMA","01","","","","","","","00000000","","ANIMAL TOTALS","ANIMAL TOTALS, INCL PRODUCTS - SALES, MEASURED IN $","TOTAL","NOT SPECIFIED","4,768,266,000","3.4"
"CENSUS","2017","YEAR","","STATE","ALASKA","02","","","","","","","00000000","","ANIMAL TOTALS","ANIMAL TOTALS, INCL PRODUCTS - SALES, MEASURED IN $","TOTAL","NOT SPECIFIED","40,817,000","0.1"
"CENSUS","2017","YEAR","","STATE","ARIZONA","04","","","","","","","00000000","","ANIMAL TOTALS","ANIMAL TOTALS, INCL PRODUCTS - SALES, MEASURED IN $","TOTAL","NOT SPECIFIED","1,757,790,000","2.7"
"CENSUS","2017","YEAR","","STATE","ARKANSAS","05","","","","","","","00000000","","ANIMAL TOTALS","ANIMAL TOTALS, INCL PRODUCTS - SALES, MEASURED IN $","TOTAL","NOT SPECIFIED","6,026,230,000","4.5"
"CENSUS","2017","YEAR","","STATE","CALIFORNIA","06","","","","","","","00000000","","ANIMAL TOTALS","ANIMAL TOTALS, INCL PRODUCTS - SALES, MEASURED IN $","TOTAL","NOT SPECIFIED","11,800,525,000","2.3"
"CENSUS","2017","YEAR","","STATE","COLORADO","08","","","","","","","00000000","","ANIMAL TOTALS","ANIMAL TOTALS, INCL PRODUCTS - SALES, MEASURED IN $","TOTAL","NOT SPECIFIED","5,252,840,000","4.1"
"CENSUS","2017","YEAR","","STATE","CONNECTICUT","09","","","","","","","00000000","","ANIMAL TOTALS","ANIMAL TOTALS, INCL PRODUCTS - SALES, MEASURED IN $","TOTAL","NOT SPECIFIED","160,071,000","8.3"
"CENSUS","2017","YEAR","","STATE","DELAWARE","10","","","","","","","00000000","","ANIMAL TOTALS","ANIMAL TOTALS, INCL PRODUCTS - SALES, MEASURED IN $","TOTAL","NOT SPECIFIED","1,140,317,000","7.8"
"CENSUS","2017","YEAR","","STATE","FLORIDA","12","","","","","","","00000000","","ANIMAL TOTALS","ANIMAL TOTALS, INCL PRODUCTS - SALES, MEASURED IN $","TOTAL","NOT SPECIFIED","1,652,810,000","8.0"
"CENSUS","2017","YEAR","","STATE","GEORGIA","13","","","","","","","00000000","","ANIMAL TOTALS","ANIMAL TOTALS, INCL PRODUCTS - SALES, MEASURED IN $","TOTAL","NOT SPECIFIED","6,301,312,000","5.7"
"CENSUS","2017","YEAR","","STATE","HAWAII","15","","","","","","","00000000","","ANIMAL TOTALS","ANIMAL TOTALS, INCL PRODUCTS - SALES, MEASURED IN $","TOTAL","NOT SPECIFIED","146,733,000","7.2"
"CENSUS","2017","YEAR","","STATE","IDAHO","16","","","","","","","00000000","","ANIMAL TOTALS","ANIMAL TOTALS, INCL PRODUCTS - SALES, MEASURED IN $","TOTAL","NOT SPECIFIED","4,356,606,000","1.7"
"CENSUS","2017","YEAR","","STATE","ILLINOIS","17","","","","","","","00000000","","ANIMAL TOTALS","ANIMAL TOTALS, INCL PRODUCTS - SALES, MEASURED IN $","TOTAL","NOT SPECIFIED","3,166,229,000","1.4"
"CENSUS","2017","YEAR","","STATE","INDIANA","18","","","","","","","00000000","","ANIMAL TOTALS","ANIMAL TOTALS, INCL PRODUCTS - SALES, MEASURED IN $","TOTAL","NOT SPECIFIED","3,986,276,000","7.5"
"CENSUS","2017","YEAR","","STATE","IOWA","19","","","","","","","00000000","","ANIMAL TOTALS","ANIMAL TOTALS, INCL PRODUCTS - SALES, MEASURED IN $","TOTAL","NOT SPECIFIED","15,123,882,000","1.3"
"CENSUS","2017","YEAR","","STATE","KANSAS","20","","","","","","","00000000","","ANIMAL TOTALS","ANIMAL TOTALS, INCL PRODUCTS - SALES, MEASURED IN $","TOTAL","NOT SPECIFIED","12,322,289,000","2.0"
"CENSUS","2017","YEAR","","STATE","KENTUCKY","21","","","","","","","00000000","","ANIMAL TOTALS","ANIMAL TOTALS, INCL PRODUCTS - SALES, MEASURED IN $","TOTAL","NOT SPECIFIED","3,196,834,000","3.7"
"CENSUS","2017","YEAR","","STATE","LOUISIANA","22","","","","","","","00000000","","ANIMAL TOTALS","ANIMAL TOTALS, INCL PRODUCTS - SALES, MEASURED IN $","TOTAL","NOT SPECIFIED","1,112,027,000","4.6"
"CENSUS","2017","YEAR","","STATE","MAINE","23","","","","","","","00000000","","ANIMAL TOTALS","ANIMAL TOTALS, INCL PRODUCTS - SALES, MEASURED IN $","TOTAL","NOT SPECIFIED","258,123,000","8.2"
"CENSUS","2017","YEAR","","STATE","MARYLAND","24","","","","","","","00000000","","ANIMAL TOTALS","ANIMAL TOTALS, INCL PRODUCTS - SALES, MEASURED IN $","TOTAL","NOT SPECIFIED","1,524,681,000","11.2"
"CENSUS","2017","YEAR","","STATE","MASSACHUSETTS","25","","","","","","","00000000","","ANIMAL TOTALS","ANIMAL TOTALS, INCL PRODUCTS - SALES, MEASURED IN $","TOTAL","NOT SPECIFIED","111,661,000","8.6"
"CENSUS","2017","YEAR","","STATE","MICHIGAN","26","","","","","","","00000000","","ANIMAL TOTALS","ANIMAL TOTALS, INCL PRODUCTS - SALES, MEASURED IN $","TOTAL","NOT SPECIFIED","3,576,684,000","5.3"
"CENSUS","2017","YEAR","","STATE","MINNESOTA","27","","","","","","","00000000","","ANIMAL TOTALS","ANIMAL TOTALS, INCL PRODUCTS - SALES, MEASURED IN $","TOTAL","NOT SPECIFIED","8,203,872,000","2.5"
"CENSUS","2017","YEAR","","STATE","MISSISSIPPI","28","","","","","","","00000000","","ANIMAL TOTALS","ANIMAL TOTALS, INCL PRODUCTS - SALES, MEASURED IN $","TOTAL","NOT SPECIFIED","3,904,079,000","4.7"
"CENSUS","2017","YEAR","","STATE","MISSOURI","29","","","","","","","00000000","","ANIMAL TOTALS","ANIMAL TOTALS, INCL PRODUCTS - SALES, MEASURED IN $","TOTAL","NOT SPECIFIED","5,049,623,000","3.0"
"CENSUS","2017","YEAR","","STATE","MONTANA","30","","","","","","","00000000","","ANIMAL TOTALS","ANIMAL TOTALS, INCL PRODUCTS - SALES, MEASURED IN $","TOTAL","NOT SPECIFIED","1,935,608,000","7.5"
"CENSUS","2017","YEAR","","STATE","NEBRASKA","31","","","","","","","00000000","","ANIMAL TOTALS","ANIMAL TOTALS, INCL PRODUCTS - SALES, MEASURED IN $","TOTAL","NOT SPECIFIED","12,672,422,000","2.5"
"CENSUS","2017","YEAR","","STATE","NEVADA","32","","","","","","","00000000","","ANIMAL TOTALS","ANIMAL TOTALS, INCL PRODUCTS - SALES, MEASURED IN $","TOTAL","NOT SPECIFIED","389,681,000","3.7"
"CENSUS","2017","YEAR","","STATE","NEW HAMPSHIRE","33","","","","","","","00000000","","ANIMAL TOTALS","ANIMAL TOTALS, INCL PRODUCTS - SALES, MEASURED IN $","TOTAL","NOT SPECIFIED","79,992,000","20.7"
"CENSUS","2017","YEAR","","STATE","NEW JERSEY","34","","","","","","","00000000","","ANIMAL TOTALS","ANIMAL TOTALS, INCL PRODUCTS - SALES, MEASURED IN $","TOTAL","NOT SPECIFIED","113,421,000","8.2"
"CENSUS","2017","YEAR","","STATE","NEW MEXICO","35","","","","","","","00000000","","ANIMAL TOTALS","ANIMAL TOTALS, INCL PRODUCTS - SALES, MEASURED IN $","TOTAL","NOT SPECIFIED","1,931,608,000","2.6"
"CENSUS","2017","YEAR","","STATE","NEW YORK","36","","","","","","","00000000","","ANIMAL TOTALS","ANIMAL TOTALS, INCL PRODUCTS - SALES, MEASURED IN $","TOTAL","NOT SPECIFIED","3,261,226,000","1.7"
"CENSUS","2017","YEAR","","STATE","NORTH CAROLINA","37","","","","","","","00000000","","ANIMAL TOTALS","ANIMAL TOTALS, INCL PRODUCTS - SALES, MEASURED IN $","TOTAL","NOT SPECIFIED","9,165,694,000","2.0"
"CENSUS","2017","YEAR","","STATE","NORTH DAKOTA","38","","","","","","","00000000","","ANIMAL TOTALS","ANIMAL TOTALS, INCL PRODUCTS - SALES, MEASURED IN $","TOTAL","NOT SPECIFIED","1,553,488,000","6.0"
"CENSUS","2017","YEAR","","STATE","OHIO","39","","","","","","","00000000","","ANIMAL TOTALS","ANIMAL TOTALS, INCL PRODUCTS - SALES, MEASURED IN $","TOTAL","NOT SPECIFIED","3,914,972,000","2.4"
"CENSUS","2017","YEAR","","STATE","OKLAHOMA","40","","","","","","","00000000","","ANIMAL TOTALS","ANIMAL TOTALS, INCL PRODUCTS - SALES, MEASURED IN $","TOTAL","NOT SPECIFIED","5,948,761,000","2.4"
"CENSUS","2017","YEAR","","STATE","OREGON","41","","","","","","","00000000","","ANIMAL TOTALS","ANIMAL TOTALS, INCL PRODUCTS - SALES, MEASURED IN $","TOTAL","NOT SPECIFIED","1,723,466,000","3.5"
"CENSUS","2017","YEAR","","STATE","PENNSYLVANIA","42","","","","","","","00000000","","ANIMAL TOTALS","ANIMAL TOTALS, INCL PRODUCTS - SALES, MEASURED IN $","TOTAL","NOT SPECIFIED","4,977,556,000","2.4"
"CENSUS","2017","YEAR","","STATE","RHODE ISLAND","44","","","","","","","00000000","","ANIMAL TOTALS","ANIMAL TOTALS, INCL PRODUCTS - SALES, MEASURED IN $","TOTAL","NOT SPECIFIED","17,089,000","9.1"
"CENSUS","2017","YEAR","","STATE","SOUTH CAROLINA","45","","","","","","","00000000","","ANIMAL TOTALS","ANIMAL TOTALS, INCL PRODUCTS - SALES, MEASURED IN $","TOTAL","NOT SPECIFIED","1,912,494,000","5.6"
"CENSUS","2017","YEAR","","STATE","SOUTH DAKOTA","46","","","","","","","00000000","","ANIMAL TOTALS","ANIMAL TOTALS, INCL PRODUCTS - SALES, MEASURED IN $","TOTAL","NOT SPECIFIED","4,554,966,000","4.6"
"CENSUS","2017","YEAR","","STATE","TENNESSEE","47","","","","","","","00000000","","ANIMAL TOTALS","ANIMAL TOTALS, INCL PRODUCTS - SALES, MEASURED IN $","TOTAL","NOT SPECIFIED","1,616,537,000","5.5"
"CENSUS","2017","YEAR","","STATE","TEXAS","48","","","","","","","00000000","","ANIMAL TOTALS","ANIMAL TOTALS, INCL PRODUCTS - SALES, MEASURED IN $","TOTAL","NOT SPECIFIED","18,029,734,000","2.0"
"CENSUS","2017","YEAR","","STATE","UTAH","49","","","","","","","00000000","","ANIMAL TOTALS","ANIMAL TOTALS, INCL PRODUCTS - SALES, MEASURED IN $","TOTAL","NOT SPECIFIED","1,277,653,000","3.5"
"CENSUS","2017","YEAR","","STATE","VERMONT","50","","","","","","","00000000","","ANIMAL TOTALS","ANIMAL TOTALS, INCL PRODUCTS - SALES, MEASURED IN $","TOTAL","NOT SPECIFIED","593,872,000","12.3"
"CENSUS","2017","YEAR","","STATE","VIRGINIA","51","","","","","","","00000000","","ANIMAL TOTALS","ANIMAL TOTALS, INCL PRODUCTS - SALES, MEASURED IN $","TOTAL","NOT SPECIFIED","2,599,039,000","3.0"
"CENSUS","2017","YEAR","","STATE","WASHINGTON","53","","","","","","","00000000","","ANIMAL TOTALS","ANIMAL TOTALS, INCL PRODUCTS - SALES, MEASURED IN $","TOTAL","NOT SPECIFIED","2,651,078,000","1.7"
"CENSUS","2017","YEAR","","STATE","WEST VIRGINIA","54","","","","","","","00000000","","ANIMAL TOTALS","ANIMAL TOTALS, INCL PRODUCTS - SALES, MEASURED IN $","TOTAL","NOT SPECIFIED","601,162,000","3.3"
"CENSUS","2017","YEAR","","STATE","WISCONSIN","55","","","","","","","00000000","","ANIMAL TOTALS","ANIMAL TOTALS, INCL PRODUCTS - SALES, MEASURED IN $","TOTAL","NOT SPECIFIED","7,359,987,000","3.7"
"CENSUS","2017","YEAR","","STATE","WYOMING","56","","","","","","","00000000","","ANIMAL TOTALS","ANIMAL TOTALS, INCL PRODUCTS - SALES, MEASURED IN $","TOTAL","NOT SPECIFIED","1,153,913,000","5.1"
"CENSUS","2012","YEAR","","STATE","ALABAMA","01","","","","","","","00000000","","ANIMAL TOTALS","ANIMAL TOTALS, INCL PRODUCTS - SALES, MEASURED IN $","TOTAL","NOT SPECIFIED","4,256,202,000","8.8"
"CENSUS","2012","YEAR","","STATE","ALASKA","02","","","","","","","00000000","","ANIMAL TOTALS","ANIMAL TOTALS, INCL PRODUCTS - SALES, MEASURED IN $","TOTAL","NOT SPECIFIED","34,068,000","0.2"
"CENSUS","2012","YEAR","","STATE","ARIZONA","04","","","","","","","00000000","","ANIMAL TOTALS","ANIMAL TOTALS, INCL PRODUCTS - SALES, MEASURED IN $","TOTAL","NOT SPECIFIED","1,655,545,000","4.1"
"CENSUS","2012","YEAR","","STATE","ARKANSAS","05","","","","","","","00000000","","ANIMAL TOTALS","ANIMAL TOTALS, INCL PRODUCTS - SALES, MEASURED IN $","TOTAL","NOT SPECIFIED","4,940,880,000","6.6"
"CENSUS","2012","YEAR","","STATE","CALIFORNIA","06","","","","","","","00000000","","ANIMAL TOTALS","ANIMAL TOTALS, INCL PRODUCTS - SALES, MEASURED IN $","TOTAL","NOT SPECIFIED","12,260,574,000","2.4"
"CENSUS","2012","YEAR","","STATE","COLORADO","08","","","","","","","00000000","","ANIMAL TOTALS","ANIMAL TOTALS, INCL PRODUCTS - SALES, MEASURED IN $","TOTAL","NOT SPECIFIED","5,346,292,000","1.6"
"CENSUS","2012","YEAR","","STATE","CONNECTICUT","09","","","","","","","00000000","","ANIMAL TOTALS","ANIMAL TOTALS, INCL PRODUCTS - SALES, MEASURED IN $","TOTAL","NOT SPECIFIED","161,482,000","6.0"
"CENSUS","2012","YEAR","","STATE","DELAWARE","10","","","","","","","00000000","","ANIMAL TOTALS","ANIMAL TOTALS, INCL PRODUCTS - SALES, MEASURED IN $","TOTAL","NOT SPECIFIED","844,975,000","4.9"
"CENSUS","2012","YEAR","","STATE","FLORIDA","12","","","","","","","00000000","","ANIMAL TOTALS","ANIMAL TOTALS, INCL PRODUCTS - SALES, MEASURED IN $","TOTAL","NOT SPECIFIED","1,732,133,000","3.2"
"CENSUS","2012","YEAR","","STATE","GEORGIA","13","","","","","","","00000000","","ANIMAL TOTALS","ANIMAL TOTALS, INCL PRODUCTS - SALES, MEASURED IN $","TOTAL","NOT SPECIFIED","5,584,670,000","2.4"
"CENSUS","2012","YEAR","","STATE","HAWAII","15","","","","","","","00000000","","ANIMAL TOTALS","ANIMAL TOTALS, INCL PRODUCTS - SALES, MEASURED IN $","TOTAL","NOT SPECIFIED","122,474,000","7.3"
"CENSUS","2012","YEAR","","STATE","IDAHO","16","","","","","","","00000000","","ANIMAL TOTALS","ANIMAL TOTALS, INCL PRODUCTS - SALES, MEASURED IN $","TOTAL","NOT SPECIFIED","4,358,435,000","2.1"
"CENSUS","2012","YEAR","","STATE","ILLINOIS","17","","","","","","","00000000","","ANIMAL TOTALS","ANIMAL TOTALS, INCL PRODUCTS - SALES, MEASURED IN $","TOTAL","NOT SPECIFIED","3,042,312,000","2.2"
"CENSUS","2012","YEAR","","STATE","INDIANA","18","","","","","","","00000000","","ANIMAL TOTALS","ANIMAL TOTALS, INCL PRODUCTS - SALES, MEASURED IN $","TOTAL","NOT SPECIFIED","3,680,721,000","1.1"
"CENSUS","2012","YEAR","","STATE","IOWA","19","","","","","","","00000000","","ANIMAL TOTALS","ANIMAL TOTALS, INCL PRODUCTS - SALES, MEASURED IN $","TOTAL","NOT SPECIFIED","13,454,718,000","9.2"
"CENSUS","2012","YEAR","","STATE","KANSAS","20","","","","","","","00000000","","ANIMAL TOTALS","ANIMAL TOTALS, INCL PRODUCTS - SALES, MEASURED IN $","TOTAL","NOT SPECIFIED","11,476,571,000","17.3"
"CENSUS","2012","YEAR","","STATE","KENTUCKY","21","","","","","","","00000000","","ANIMAL TOTALS","ANIMAL TOTALS, INCL PRODUCTS - SALES, MEASURED IN $","TOTAL","NOT SPECIFIED","2,786,765,000","3.6"
"CENSUS","2012","YEAR","","STATE","LOUISIANA","22","","","","","","","00000000","","ANIMAL TOTALS","ANIMAL TOTALS, INCL PRODUCTS - SALES, MEASURED IN $","TOTAL","NOT SPECIFIED","1,025,791,000","13.2"
"CENSUS","2012","YEAR","","STATE","MAINE","23","","","","","","","00000000","","ANIMAL TOTALS","ANIMAL TOTALS, INCL PRODUCTS - SALES, MEASURED IN $","TOTAL","NOT SPECIFIED","289,210,000","7.7"
"CENSUS","2012","YEAR","","STATE","MARYLAND","24","","","","","","","00000000","","ANIMAL TOTALS","ANIMAL TOTALS, INCL PRODUCTS - SALES, MEASURED IN $","TOTAL","NOT SPECIFIED","1,220,840,000","3.2"
"CENSUS","2012","YEAR","","STATE","MASSACHUSETTS","25","","","","","","","00000000","","ANIMAL TOTALS","ANIMAL TOTALS, INCL PRODUCTS - SALES, MEASURED IN $","TOTAL","NOT SPECIFIED","109,296,000","9.6"
"CENSUS","2012","YEAR","","STATE","MICHIGAN","26","","","","","","","00000000","","ANIMAL TOTALS","ANIMAL TOTALS, INCL PRODUCTS - SALES, MEASURED IN $","TOTAL","NOT SPECIFIED","3,171,614,000","1.2"
"CENSUS","2012","YEAR","","STATE","MINNESOTA","27","","","","","","","00000000","","ANIMAL TOTALS","ANIMAL TOTALS, INCL PRODUCTS - SALES, MEASURED IN $","TOTAL","NOT SPECIFIED","7,400,974,000","3.5"
"CENSUS","2012","YEAR","","STATE","MISSISSIPPI","28","","","","","","","00000000","","ANIMAL TOTALS","ANIMAL TOTALS, INCL PRODUCTS - SALES, MEASURED IN $","TOTAL","NOT SPECIFIED","3,467,450,000","3.0"
"CENSUS","2012","YEAR","","STATE","MISSOURI","29","","","","","","","00000000","","ANIMAL TOTALS","ANIMAL TOTALS, INCL PRODUCTS - SALES, MEASURED IN $","TOTAL","NOT SPECIFIED","4,597,933,000","0.9"
"CENSUS","2012","YEAR","","STATE","MONTANA","30","","","","","","","00000000","","ANIMAL TOTALS","ANIMAL TOTALS, INCL PRODUCTS - SALES, MEASURED IN $","TOTAL","NOT SPECIFIED","1,974,087,000","2.3"
"CENSUS","2012","YEAR","","STATE","NEBRASKA","31","","","","","","","00000000","","ANIMAL TOTALS","ANIMAL TOTALS, INCL PRODUCTS - SALES, MEASURED IN $","TOTAL","NOT SPECIFIED","11,690,823,000","10.1"
"CENSUS","2012","YEAR","","STATE","NEVADA","32","","","","","","","00000000","","ANIMAL TOTALS","ANIMAL TOTALS, INCL PRODUCTS - SALES, MEASURED IN $","TOTAL","NOT SPECIFIED","398,134,000","13.2"
"CENSUS","2012","YEAR","","STATE","NEW HAMPSHIRE","33","","","","","","","00000000","","ANIMAL TOTALS","ANIMAL TOTALS, INCL PRODUCTS - SALES, MEASURED IN $","TOTAL","NOT SPECIFIED","90,193,000","3.6"
"CENSUS","2012","YEAR","","STATE","NEW JERSEY","34","","","","","","","00000000","","ANIMAL TOTALS","ANIMAL TOTALS, INCL PRODUCTS - SALES, MEASURED IN $","TOTAL","NOT SPECIFIED","116,169,000","6.2"
"CENSUS","2012","YEAR","","STATE","NEW MEXICO","35","","","","","","","00000000","","ANIMAL TOTALS","ANIMAL TOTALS, INCL PRODUCTS - SALES, MEASURED IN $","TOTAL","NOT SPECIFIED","1,933,209,000","1.5"
"CENSUS","2012","YEAR","","STATE","NEW YORK","36","","","","","","","00000000","","ANIMAL TOTALS","ANIMAL TOTALS, INCL PRODUCTS - SALES, MEASURED IN $","TOTAL","NOT SPECIFIED","3,165,898,000","3.6"
"CENSUS","2012","YEAR","","STATE","NORTH CAROLINA","37","","","","","","","00000000","","ANIMAL TOTALS","ANIMAL TOTALS, INCL PRODUCTS - SALES, MEASURED IN $","TOTAL","NOT SPECIFIED","8,285,265,000","5.9"
"CENSUS","2012","YEAR","","STATE","NORTH DAKOTA","38","","","","","","","00000000","","ANIMAL TOTALS","ANIMAL TOTALS, INCL PRODUCTS - SALES, MEASURED IN $","TOTAL","NOT SPECIFIED","1,286,395,000","8.4"
"CENSUS","2012","YEAR","","STATE","OHIO","39","","","","","","","00000000","","ANIMAL TOTALS","ANIMAL TOTALS, INCL PRODUCTS - SALES, MEASURED IN $","TOTAL","NOT SPECIFIED","3,466,139,000","2.5"
"CENSUS","2012","YEAR","","STATE","OKLAHOMA","40","","","","","","","00000000","","ANIMAL TOTALS","ANIMAL TOTALS, INCL PRODUCTS - SALES, MEASURED IN $","TOTAL","NOT SPECIFIED","5,254,015,000","3.0"
"CENSUS","2012","YEAR","","STATE","OREGON","41","","","","","","","00000000","","ANIMAL TOTALS","ANIMAL TOTALS, INCL PRODUCTS - SALES, MEASURED IN $","TOTAL","NOT SPECIFIED","1,636,242,000","3.1"
"CENSUS","2012","YEAR","","STATE","PENNSYLVANIA","42","","","","","","","00000000","","ANIMAL TOTALS","ANIMAL TOTALS, INCL PRODUCTS - SALES, MEASURED IN $","TOTAL","NOT SPECIFIED","4,617,870,000","1.7"
"CENSUS","2012","YEAR","","STATE","RHODE ISLAND","44","","","","","","","00000000","","ANIMAL TOTALS","ANIMAL TOTALS, INCL PRODUCTS - SALES, MEASURED IN $","TOTAL","NOT SPECIFIED","10,671,000","8.1"
"CENSUS","2012","YEAR","","STATE","SOUTH CAROLINA","45","","","","","","","00000000","","ANIMAL TOTALS","ANIMAL TOTALS, INCL PRODUCTS - SALES, MEASURED IN $","TOTAL","NOT SPECIFIED","1,746,511,000","2.9"
"CENSUS","2012","YEAR","","STATE","SOUTH DAKOTA","46","","","","","","","00000000","","ANIMAL TOTALS","ANIMAL TOTALS, INCL PRODUCTS - SALES, MEASURED IN $","TOTAL","NOT SPECIFIED","4,097,304,000","3.2"
"CENSUS","2012","YEAR","","STATE","TENNESSEE","47","","","","","","","00000000","","ANIMAL TOTALS","ANIMAL TOTALS, INCL PRODUCTS - SALES, MEASURED IN $","TOTAL","NOT SPECIFIED","1,524,565,000","8.0"
"CENSUS","2012","YEAR","","STATE","TEXAS","48","","","","","","","00000000","","ANIMAL TOTALS","ANIMAL TOTALS, INCL PRODUCTS - SALES, MEASURED IN $","TOTAL","NOT SPECIFIED","18,008,588,000","15.1"
"CENSUS","2012","YEAR","","STATE","UTAH","49","","","","","","","00000000","","ANIMAL TOTALS","ANIMAL TOTALS, INCL PRODUCTS - SALES, MEASURED IN $","TOTAL","NOT SPECIFIED","1,242,049,000","2.5"
"CENSUS","2012","YEAR","","STATE","VERMONT","50","","","","","","","00000000","","ANIMAL TOTALS","ANIMAL TOTALS, INCL PRODUCTS - SALES, MEASURED IN $","TOTAL","NOT SPECIFIED","598,379,000","3.3"
"CENSUS","2012","YEAR","","STATE","VIRGINIA","51","","","","","","","00000000","","ANIMAL TOTALS","ANIMAL TOTALS, INCL PRODUCTS - SALES, MEASURED IN $","TOTAL","NOT SPECIFIED","2,393,141,000","2.8"
"CENSUS","2012","YEAR","","STATE","WASHINGTON","53","","","","","","","00000000","","ANIMAL TOTALS","ANIMAL TOTALS, INCL PRODUCTS - SALES, MEASURED IN $","TOTAL","NOT SPECIFIED","2,628,708,000","4.3"
"CENSUS","2012","YEAR","","STATE","WEST VIRGINIA","54","","","","","","","00000000","","ANIMAL TOTALS","ANIMAL TOTALS, INCL PRODUCTS - SALES, MEASURED IN $","TOTAL","NOT SPECIFIED","667,683,000","3.7"
"CENSUS","2012","YEAR","","STATE","WISCONSIN","55","","","","","","","00000000","","ANIMAL TOTALS","ANIMAL TOTALS, INCL PRODUCTS - SALES, MEASURED IN $","TOTAL","NOT SPECIFIED","7,142,988,000","1.0"
"CENSUS","2012","YEAR","","STATE","WYOMING","56","","","","","","","00000000","","ANIMAL TOTALS","ANIMAL TOTALS, INCL PRODUCTS - SALES, MEASURED IN $","TOTAL","NOT SPECIFIED","1,250,458,000","4.5"
"CENSUS","2007","YEAR","","STATE","ALABAMA","01","","","","","","","00000000","","ANIMAL TOTALS","ANIMAL TOTALS, INCL PRODUCTS - SALES, MEASURED IN $","TOTAL","NOT SPECIFIED","3,738,563,000",""
"CENSUS","2007","YEAR","","STATE","ALASKA","02","","","","","","","00000000","","ANIMAL TOTALS","ANIMAL TOTALS, INCL PRODUCTS - SALES, MEASURED IN $","TOTAL","NOT SPECIFIED","32,271,000",""
"CENSUS","2007","YEAR","","STATE","ARIZONA","04","","","","","","","00000000","","ANIMAL TOTALS","ANIMAL TOTALS, INCL PRODUCTS - SALES, MEASURED IN $","TOTAL","NOT SPECIFIED","1,321,538,000",""
"CENSUS","2007","YEAR","","STATE","ARKANSAS","05","","","","","","","00000000","","ANIMAL TOTALS","ANIMAL TOTALS, INCL PRODUCTS - SALES, MEASURED IN $","TOTAL","NOT SPECIFIED","4,607,833,000",""
"CENSUS","2007","YEAR","","STATE","CALIFORNIA","06","","","","","","","00000000","","ANIMAL TOTALS","ANIMAL TOTALS, INCL PRODUCTS - SALES, MEASURED IN $","TOTAL","NOT SPECIFIED","10,982,043,000",""
"CENSUS","2007","YEAR","","STATE","COLORADO","08","","","","","","","00000000","","ANIMAL TOTALS","ANIMAL TOTALS, INCL PRODUCTS - SALES, MEASURED IN $","TOTAL","NOT SPECIFIED","4,079,735,000",""
"CENSUS","2007","YEAR","","STATE","CONNECTICUT","09","","","","","","","00000000","","ANIMAL TOTALS","ANIMAL TOTALS, INCL PRODUCTS - SALES, MEASURED IN $","TOTAL","NOT SPECIFIED","150,181,000",""
"CENSUS","2007","YEAR","","STATE","DELAWARE","10","","","","","","","00000000","","ANIMAL TOTALS","ANIMAL TOTALS, INCL PRODUCTS - SALES, MEASURED IN $","TOTAL","NOT SPECIFIED","872,400,000",""
"CENSUS","2007","YEAR","","STATE","FLORIDA","12","","","","","","","00000000","","ANIMAL TOTALS","ANIMAL TOTALS, INCL PRODUCTS - SALES, MEASURED IN $","TOTAL","NOT SPECIFIED","1,529,000,000",""
"CENSUS","2007","YEAR","","STATE","GEORGIA","13","","","","","","","00000000","","ANIMAL TOTALS","ANIMAL TOTALS, INCL PRODUCTS - SALES, MEASURED IN $","TOTAL","NOT SPECIFIED","4,970,596,000",""
"CENSUS","2007","YEAR","","STATE","HAWAII","15","","","","","","","00000000","","ANIMAL TOTALS","ANIMAL TOTALS, INCL PRODUCTS - SALES, MEASURED IN $","TOTAL","NOT SPECIFIED","83,711,000",""
"CENSUS","2007","YEAR","","STATE","IDAHO","16","","","","","","","00000000","","ANIMAL TOTALS","ANIMAL TOTALS, INCL PRODUCTS - SALES, MEASURED IN $","TOTAL","NOT SPECIFIED","3,363,976,000",""
"CENSUS","2007","YEAR","","STATE","ILLINOIS","17","","","","","","","00000000","","ANIMAL TOTALS","ANIMAL TOTALS, INCL PRODUCTS - SALES, MEASURED IN $","TOTAL","NOT SPECIFIED","2,452,692,000",""
"CENSUS","2007","YEAR","","STATE","INDIANA","18","","","","","","","00000000","","ANIMAL TOTALS","ANIMAL TOTALS, INCL PRODUCTS - SALES, MEASURED IN $","TOTAL","NOT SPECIFIED","2,952,272,000",""
"CENSUS","2007","YEAR","","STATE","IOWA","19","","","","","","","00000000","","ANIMAL TOTALS","ANIMAL TOTALS, INCL PRODUCTS - SALES, MEASURED IN $","TOTAL","NOT SPECIFIED","10,074,511,000",""
"CENSUS","2007","YEAR","","STATE","KANSAS","20","","","","","","","00000000","","ANIMAL TOTALS","ANIMAL TOTALS, INCL PRODUCTS - SALES, MEASURED IN $","TOTAL","NOT SPECIFIED","9,525,971,000",""
"CENSUS","2007","YEAR","","STATE","KENTUCKY","21","","","","","","","00000000","","ANIMAL TOTALS","ANIMAL TOTALS, INCL PRODUCTS - SALES, MEASURED IN $","TOTAL","NOT SPECIFIED","3,419,792,000",""
"CENSUS","2007","YEAR","","STATE","LOUISIANA","22","","","","","","","00000000","","ANIMAL TOTALS","ANIMAL TOTALS, INCL PRODUCTS - SALES, MEASURED IN $","TOTAL","NOT SPECIFIED","1,013,334,000",""
"CENSUS","2007","YEAR","","STATE","MAINE","23","","","","","","","00000000","","ANIMAL TOTALS","ANIMAL TOTALS, INCL PRODUCTS - SALES, MEASURED IN $","TOTAL","NOT SPECIFIED","290,617,000",""
"CENSUS","2007","YEAR","","STATE","MARYLAND","24","","","","","","","00000000","","ANIMAL TOTALS","ANIMAL TOTALS, INCL PRODUCTS - SALES, MEASURED IN $","TOTAL","NOT SPECIFIED","1,205,787,000",""
"CENSUS","2007","YEAR","","STATE","MASSACHUSETTS","25","","","","","","","00000000","","ANIMAL TOTALS","ANIMAL TOTALS, INCL PRODUCTS - SALES, MEASURED IN $","TOTAL","NOT SPECIFIED","125,338,000",""
"CENSUS","2007","YEAR","","STATE","MICHIGAN","26","","","","","","","00000000","","ANIMAL TOTALS","ANIMAL TOTALS, INCL PRODUCTS - SALES, MEASURED IN $","TOTAL","NOT SPECIFIED","2,423,291,000",""
"CENSUS","2007","YEAR","","STATE","MINNESOTA","27","","","","","","","00000000","","ANIMAL TOTALS","ANIMAL TOTALS, INCL PRODUCTS - SALES, MEASURED IN $","TOTAL","NOT SPECIFIED","6,131,554,000",""
"CENSUS","2007","YEAR","","STATE","MISSISSIPPI","28","","","","","","","00000000","","ANIMAL TOTALS","ANIMAL TOTALS, INCL PRODUCTS - SALES, MEASURED IN $","TOTAL","NOT SPECIFIED","3,208,753,000",""
"CENSUS","2007","YEAR","","STATE","MISSOURI","29","","","","","","","00000000","","ANIMAL TOTALS","ANIMAL TOTALS, INCL PRODUCTS - SALES, MEASURED IN $","TOTAL","NOT SPECIFIED","4,017,988,000",""
"CENSUS","2007","YEAR","","STATE","MONTANA","30","","","","","","","00000000","","ANIMAL TOTALS","ANIMAL TOTALS, INCL PRODUCTS - SALES, MEASURED IN $","TOTAL","NOT SPECIFIED","1,529,340,000",""
"CENSUS","2007","YEAR","","STATE","NEBRASKA","31","","","","","","","00000000","","ANIMAL TOTALS","ANIMAL TOTALS, INCL PRODUCTS - SALES, MEASURED IN $","TOTAL","NOT SPECIFIED","8,662,710,000",""
"CENSUS","2007","YEAR","","STATE","NEVADA","32","","","","","","","00000000","","ANIMAL TOTALS","ANIMAL TOTALS, INCL PRODUCTS - SALES, MEASURED IN $","TOTAL","NOT SPECIFIED","293,928,000",""
"CENSUS","2007","YEAR","","STATE","NEW HAMPSHIRE","33","","","","","","","00000000","","ANIMAL TOTALS","ANIMAL TOTALS, INCL PRODUCTS - SALES, MEASURED IN $","TOTAL","NOT SPECIFIED","92,584,000",""
"CENSUS","2007","YEAR","","STATE","NEW JERSEY","34","","","","","","","00000000","","ANIMAL TOTALS","ANIMAL TOTALS, INCL PRODUCTS - SALES, MEASURED IN $","TOTAL","NOT SPECIFIED","135,233,000",""
"CENSUS","2007","YEAR","","STATE","NEW MEXICO","35","","","","","","","00000000","","ANIMAL TOTALS","ANIMAL TOTALS, INCL PRODUCTS - SALES, MEASURED IN $","TOTAL","NOT SPECIFIED","1,621,940,000",""
"CENSUS","2007","YEAR","","STATE","NEW YORK","36","","","","","","","00000000","","ANIMAL TOTALS","ANIMAL TOTALS, INCL PRODUCTS - SALES, MEASURED IN $","TOTAL","NOT SPECIFIED","2,856,706,000",""
"CENSUS","2007","YEAR","","STATE","NORTH CAROLINA","37","","","","","","","00000000","","ANIMAL TOTALS","ANIMAL TOTALS, INCL PRODUCTS - SALES, MEASURED IN $","TOTAL","NOT SPECIFIED","7,707,350,000",""
"CENSUS","2007","YEAR","","STATE","NORTH DAKOTA","38","","","","","","","00000000","","ANIMAL TOTALS","ANIMAL TOTALS, INCL PRODUCTS - SALES, MEASURED IN $","TOTAL","NOT SPECIFIED","1,045,697,000",""
"CENSUS","2007","YEAR","","STATE","OHIO","39","","","","","","","00000000","","ANIMAL TOTALS","ANIMAL TOTALS, INCL PRODUCTS - SALES, MEASURED IN $","TOTAL","NOT SPECIFIED","2,960,490,000",""
"CENSUS","2007","YEAR","","STATE","OKLAHOMA","40","","","","","","","00000000","","ANIMAL TOTALS","ANIMAL TOTALS, INCL PRODUCTS - SALES, MEASURED IN $","TOTAL","NOT SPECIFIED","4,618,436,000",""
"CENSUS","2007","YEAR","","STATE","OREGON","41","","","","","","","00000000","","ANIMAL TOTALS","ANIMAL TOTALS, INCL PRODUCTS - SALES, MEASURED IN $","TOTAL","NOT SPECIFIED","1,410,055,000",""
"CENSUS","2007","YEAR","","STATE","PENNSYLVANIA","42","","","","","","","00000000","","ANIMAL TOTALS","ANIMAL TOTALS, INCL PRODUCTS - SALES, MEASURED IN $","TOTAL","NOT SPECIFIED","3,939,097,000",""
"CENSUS","2007","YEAR","","STATE","RHODE ISLAND","44","","","","","","","00000000","","ANIMAL TOTALS","ANIMAL TOTALS, INCL PRODUCTS - SALES, MEASURED IN $","TOTAL","NOT SPECIFIED","10,306,000",""
"CENSUS","2007","YEAR","","STATE","SOUTH CAROLINA","45","","","","","","","00000000","","ANIMAL TOTALS","ANIMAL TOTALS, INCL PRODUCTS - SALES, MEASURED IN $","TOTAL","NOT SPECIFIED","1,554,190,000",""
"CENSUS","2007","YEAR","","STATE","SOUTH DAKOTA","46","","","","","","","00000000","","ANIMAL TOTALS","ANIMAL TOTALS, INCL PRODUCTS - SALES, MEASURED IN $","TOTAL","NOT SPECIFIED","3,186,953,000",""
"CENSUS","2007","YEAR","","STATE","TENNESSEE","47","","","","","","","00000000","","ANIMAL TOTALS","ANIMAL TOTALS, INCL PRODUCTS - SALES, MEASURED IN $","TOTAL","NOT SPECIFIED","1,469,608,000",""
"CENSUS","2007","YEAR","","STATE","TEXAS","48","","","","","","","00000000","","ANIMAL TOTALS","ANIMAL TOTALS, INCL PRODUCTS - SALES, MEASURED IN $","TOTAL","NOT SPECIFIED","14,435,499,000",""
"CENSUS","2007","YEAR","","STATE","UTAH","49","","","","","","","00000000","","ANIMAL TOTALS","ANIMAL TOTALS, INCL PRODUCTS - SALES, MEASURED IN $","TOTAL","NOT SPECIFIED","1,043,281,000",""
"CENSUS","2007","YEAR","","STATE","VERMONT","50","","","","","","","00000000","","ANIMAL TOTALS","ANIMAL TOTALS, INCL PRODUCTS - SALES, MEASURED IN $","TOTAL","NOT SPECIFIED","574,451,000",""
"CENSUS","2007","YEAR","","STATE","VIRGINIA","51","","","","","","","00000000","","ANIMAL TOTALS","ANIMAL TOTALS, INCL PRODUCTS - SALES, MEASURED IN $","TOTAL","NOT SPECIFIED","2,047,887,000",""
"CENSUS","2007","YEAR","","STATE","WASHINGTON","53","","","","","","","00000000","","ANIMAL TOTALS","ANIMAL TOTALS, INCL PRODUCTS - SALES, MEASURED IN $","TOTAL","NOT SPECIFIED","2,037,958,000",""
"CENSUS","2007","YEAR","","STATE","WEST VIRGINIA","54","","","","","","","00000000","","ANIMAL TOTALS","ANIMAL TOTALS, INCL PRODUCTS - SALES, MEASURED IN $","TOTAL","NOT SPECIFIED","513,357,000",""
"CENSUS","2007","YEAR","","STATE","WISCONSIN","55","","","","","","","00000000","","ANIMAL TOTALS","ANIMAL TOTALS, INCL PRODUCTS - SALES, MEASURED IN $","TOTAL","NOT SPECIFIED","6,298,032,000",""
"CENSUS","2007","YEAR","","STATE","WYOMING","56","","","","","","","00000000","","ANIMAL TOTALS","ANIMAL TOTALS, INCL PRODUCTS - SALES, MEASURED IN $","TOTAL","NOT SPECIFIED","943,728,000",""
"CENSUS","2002","YEAR","","STATE","ALABAMA","01","","","","","","","00000000","","ANIMAL TOTALS","ANIMAL TOTALS, INCL PRODUCTS - SALES, MEASURED IN $","TOTAL","NOT SPECIFIED","2,674,681,000",""
"CENSUS","2002","YEAR","","STATE","ALASKA","02","","","","","","","00000000","","ANIMAL TOTALS","ANIMAL TOTALS, INCL PRODUCTS - SALES, MEASURED IN $","TOTAL","NOT SPECIFIED","25,600,000",""
"CENSUS","2002","YEAR","","STATE","ARIZONA","04","","","","","","","00000000","","ANIMAL TOTALS","ANIMAL TOTALS, INCL PRODUCTS - SALES, MEASURED IN $","TOTAL","NOT SPECIFIED","807,672,000",""
"CENSUS","2002","YEAR","","STATE","ARKANSAS","05","","","","","","","00000000","","ANIMAL TOTALS","ANIMAL TOTALS, INCL PRODUCTS - SALES, MEASURED IN $","TOTAL","NOT SPECIFIED","3,330,014,000",""
"CENSUS","2002","YEAR","","STATE","CALIFORNIA","06","","","","","","","00000000","","ANIMAL TOTALS","ANIMAL TOTALS, INCL PRODUCTS - SALES, MEASURED IN $","TOTAL","NOT SPECIFIED","6,584,451,000",""
"CENSUS","2002","YEAR","","STATE","COLORADO","08","","","","","","","00000000","","ANIMAL TOTALS","ANIMAL TOTALS, INCL PRODUCTS - SALES, MEASURED IN $","TOTAL","NOT SPECIFIED","3,308,918,000",""
"CENSUS","2002","YEAR","","STATE","CONNECTICUT","09","","","","","","","00000000","","ANIMAL TOTALS","ANIMAL TOTALS, INCL PRODUCTS - SALES, MEASURED IN $","TOTAL","NOT SPECIFIED","143,110,000",""
"CENSUS","2002","YEAR","","STATE","DELAWARE","10","","","","","","","00000000","","ANIMAL TOTALS","ANIMAL TOTALS, INCL PRODUCTS - SALES, MEASURED IN $","TOTAL","NOT SPECIFIED","468,449,000",""
"CENSUS","2002","YEAR","","STATE","FLORIDA","12","","","","","","","00000000","","ANIMAL TOTALS","ANIMAL TOTALS, INCL PRODUCTS - SALES, MEASURED IN $","TOTAL","NOT SPECIFIED","1,200,839,000",""
"CENSUS","2002","YEAR","","STATE","GEORGIA","13","","","","","","","00000000","","ANIMAL TOTALS","ANIMAL TOTALS, INCL PRODUCTS - SALES, MEASURED IN $","TOTAL","NOT SPECIFIED","3,332,156,000",""
"CENSUS","2002","YEAR","","STATE","HAWAII","15","","","","","","","00000000","","ANIMAL TOTALS","ANIMAL TOTALS, INCL PRODUCTS - SALES, MEASURED IN $","TOTAL","NOT SPECIFIED","88,067,000",""
"CENSUS","2002","YEAR","","STATE","IDAHO","16","","","","","","","00000000","","ANIMAL TOTALS","ANIMAL TOTALS, INCL PRODUCTS - SALES, MEASURED IN $","TOTAL","NOT SPECIFIED","2,121,090,000",""
"CENSUS","2002","YEAR","","STATE","ILLINOIS","17","","","","","","","00000000","","ANIMAL TOTALS","ANIMAL TOTALS, INCL PRODUCTS - SALES, MEASURED IN $","TOTAL","NOT SPECIFIED","1,804,697,000",""
"CENSUS","2002","YEAR","","STATE","INDIANA","18","","","","","","","00000000","","ANIMAL TOTALS","ANIMAL TOTALS, INCL PRODUCTS - SALES, MEASURED IN $","TOTAL","NOT SPECIFIED","1,790,411,000",""
"CENSUS","2002","YEAR","","STATE","IOWA","19","","","","","","","00000000","","ANIMAL TOTALS","ANIMAL TOTALS, INCL PRODUCTS - SALES, MEASURED IN $","TOTAL","NOT SPECIFIED","6,202,362,000",""
"CENSUS","2002","YEAR","","STATE","KANSAS","20","","","","","","","00000000","","ANIMAL TOTALS","ANIMAL TOTALS, INCL PRODUCTS - SALES, MEASURED IN $","TOTAL","NOT SPECIFIED","6,327,797,000",""
"CENSUS","2002","YEAR","","STATE","KENTUCKY","21","","","","","","","00000000","","ANIMAL TOTALS","ANIMAL TOTALS, INCL PRODUCTS - SALES, MEASURED IN $","TOTAL","NOT SPECIFIED","1,969,871,000",""
"CENSUS","2002","YEAR","","STATE","LOUISIANA","22","","","","","","","00000000","","ANIMAL TOTALS","ANIMAL TOTALS, INCL PRODUCTS - SALES, MEASURED IN $","TOTAL","NOT SPECIFIED","750,192,000",""
"CENSUS","2002","YEAR","","STATE","MAINE","23","","","","","","","00000000","","ANIMAL TOTALS","ANIMAL TOTALS, INCL PRODUCTS - SALES, MEASURED IN $","TOTAL","NOT SPECIFIED","241,247,000",""
"CENSUS","2002","YEAR","","STATE","MARYLAND","24","","","","","","","00000000","","ANIMAL TOTALS","ANIMAL TOTALS, INCL PRODUCTS - SALES, MEASURED IN $","TOTAL","NOT SPECIFIED","843,101,000",""
"CENSUS","2002","YEAR","","STATE","MASSACHUSETTS","25","","","","","","","00000000","","ANIMAL TOTALS","ANIMAL TOTALS, INCL PRODUCTS - SALES, MEASURED IN $","TOTAL","NOT SPECIFIED","107,244,000",""
"CENSUS","2002","YEAR","","STATE","MICHIGAN","26","","","","","","","00000000","","ANIMAL TOTALS","ANIMAL TOTALS, INCL PRODUCTS - SALES, MEASURED IN $","TOTAL","NOT SPECIFIED","1,409,807,000",""
"CENSUS","2002","YEAR","","STATE","MINNESOTA","27","","","","","","","00000000","","ANIMAL TOTALS","ANIMAL TOTALS, INCL PRODUCTS - SALES, MEASURED IN $","TOTAL","NOT SPECIFIED","4,012,745,000",""
"CENSUS","2002","YEAR","","STATE","MISSISSIPPI","28","","","","","","","00000000","","ANIMAL TOTALS","ANIMAL TOTALS, INCL PRODUCTS - SALES, MEASURED IN $","TOTAL","NOT SPECIFIED","2,090,909,000",""
"CENSUS","2002","YEAR","","STATE","MISSOURI","29","","","","","","","00000000","","ANIMAL TOTALS","ANIMAL TOTALS, INCL PRODUCTS - SALES, MEASURED IN $","TOTAL","NOT SPECIFIED","2,990,809,000",""
"CENSUS","2002","YEAR","","STATE","MONTANA","30","","","","","","","00000000","","ANIMAL TOTALS","ANIMAL TOTALS, INCL PRODUCTS - SALES, MEASURED IN $","TOTAL","NOT SPECIFIED","1,148,791,000",""
"CENSUS","2002","YEAR","","STATE","NEBRASKA","31","","","","","","","00000000","","ANIMAL TOTALS","ANIMAL TOTALS, INCL PRODUCTS - SALES, MEASURED IN $","TOTAL","NOT SPECIFIED","6,315,392,000",""
"CENSUS","2002","YEAR","","STATE","NEVADA","32","","","","","","","00000000","","ANIMAL TOTALS","ANIMAL TOTALS, INCL PRODUCTS - SALES, MEASURED IN $","TOTAL","NOT SPECIFIED","289,259,000",""
"CENSUS","2002","YEAR","","STATE","NEW HAMPSHIRE","33","","","","","","","00000000","","ANIMAL TOTALS","ANIMAL TOTALS, INCL PRODUCTS - SALES, MEASURED IN $","TOTAL","NOT SPECIFIED","61,686,000",""
"CENSUS","2002","YEAR","","STATE","NEW JERSEY","34","","","","","","","00000000","","ANIMAL TOTALS","ANIMAL TOTALS, INCL PRODUCTS - SALES, MEASURED IN $","TOTAL","NOT SPECIFIED","92,378,000",""
"CENSUS","2002","YEAR","","STATE","NEW MEXICO","35","","","","","","","00000000","","ANIMAL TOTALS","ANIMAL TOTALS, INCL PRODUCTS - SALES, MEASURED IN $","TOTAL","NOT SPECIFIED","1,302,773,000",""
"CENSUS","2002","YEAR","","STATE","NEW YORK","36","","","","","","","00000000","","ANIMAL TOTALS","ANIMAL TOTALS, INCL PRODUCTS - SALES, MEASURED IN $","TOTAL","NOT SPECIFIED","1,982,706,000",""
"CENSUS","2002","YEAR","","STATE","NORTH CAROLINA","37","","","","","","","00000000","","ANIMAL TOTALS","ANIMAL TOTALS, INCL PRODUCTS - SALES, MEASURED IN $","TOTAL","NOT SPECIFIED","4,953,052,000",""
"CENSUS","2002","YEAR","","STATE","NORTH DAKOTA","38","","","","","","","00000000","","ANIMAL TOTALS","ANIMAL TOTALS, INCL PRODUCTS - SALES, MEASURED IN $","TOTAL","NOT SPECIFIED","772,994,000",""
"CENSUS","2002","YEAR","","STATE","OHIO","39","","","","","","","00000000","","ANIMAL TOTALS","ANIMAL TOTALS, INCL PRODUCTS - SALES, MEASURED IN $","TOTAL","NOT SPECIFIED","1,958,654,000",""
"CENSUS","2002","YEAR","","STATE","OKLAHOMA","40","","","","","","","00000000","","ANIMAL TOTALS","ANIMAL TOTALS, INCL PRODUCTS - SALES, MEASURED IN $","TOTAL","NOT SPECIFIED","3,637,326,000",""
"CENSUS","2002","YEAR","","STATE","OREGON","41","","","","","","","00000000","","ANIMAL TOTALS","ANIMAL TOTALS, INCL PRODUCTS - SALES, MEASURED IN $","TOTAL","NOT SPECIFIED","1,000,586,000",""
"CENSUS","2002","YEAR","","STATE","PENNSYLVANIA","42","","","","","","","00000000","","ANIMAL TOTALS","ANIMAL TOTALS, INCL PRODUCTS - SALES, MEASURED IN $","TOTAL","NOT SPECIFIED","2,936,045,000",""
"CENSUS","2002","YEAR","","STATE","RHODE ISLAND","44","","","","","","","00000000","","ANIMAL TOTALS","ANIMAL TOTALS, INCL PRODUCTS - SALES, MEASURED IN $","TOTAL","NOT SPECIFIED","8,408,000",""
"CENSUS","2002","YEAR","","STATE","SOUTH CAROLINA","45","","","","","","","00000000","","ANIMAL TOTALS","ANIMAL TOTALS, INCL PRODUCTS - SALES, MEASURED IN $","TOTAL","NOT SPECIFIED","896,505,000",""
"CENSUS","2002","YEAR","","STATE","SOUTH DAKOTA","46","","","","","","","00000000","","ANIMAL TOTALS","ANIMAL TOTALS, INCL PRODUCTS - SALES, MEASURED IN $","TOTAL","NOT SPECIFIED","2,258,715,000",""
"CENSUS","2002","YEAR","","STATE","TENNESSEE","47","","","","","","","00000000","","ANIMAL TOTALS","ANIMAL TOTALS, INCL PRODUCTS - SALES, MEASURED IN $","TOTAL","NOT SPECIFIED","1,127,266,000",""
"CENSUS","2002","YEAR","","STATE","TEXAS","48","","","","","","","00000000","","ANIMAL TOTALS","ANIMAL TOTALS, INCL PRODUCTS - SALES, MEASURED IN $","TOTAL","NOT SPECIFIED","10,402,993,000",""
"CENSUS","2002","YEAR","","STATE","UTAH","49","","","","","","","00000000","","ANIMAL TOTALS","ANIMAL TOTALS, INCL PRODUCTS - SALES, MEASURED IN $","TOTAL","NOT SPECIFIED","858,101,000",""
"CENSUS","2002","YEAR","","STATE","VERMONT","50","","","","","","","00000000","","ANIMAL TOTALS","ANIMAL TOTALS, INCL PRODUCTS - SALES, MEASURED IN $","TOTAL","NOT SPECIFIED","401,482,000",""
"CENSUS","2002","YEAR","","STATE","VIRGINIA","51","","","","","","","00000000","","ANIMAL TOTALS","ANIMAL TOTALS, INCL PRODUCTS - SALES, MEASURED IN $","TOTAL","NOT SPECIFIED","1,642,692,000",""
"CENSUS","2002","YEAR","","STATE","WASHINGTON","53","","","","","","","00000000","","ANIMAL TOTALS","ANIMAL TOTALS, INCL PRODUCTS - SALES, MEASURED IN $","TOTAL","NOT SPECIFIED","1,747,922,000",""
"CENSUS","2002","YEAR","","STATE","WEST VIRGINIA","54","","","","","","","00000000","","ANIMAL TOTALS","ANIMAL TOTALS, INCL PRODUCTS - SALES, MEASURED IN $","TOTAL","NOT SPECIFIED","413,121,000",""
"CENSUS","2002","YEAR","","STATE","WISCONSIN","55","","","","","","","00000000","","ANIMAL TOTALS","ANIMAL TOTALS, INCL PRODUCTS - SALES, MEASURED IN $","TOTAL","NOT SPECIFIED","3,933,204,000",""
"CENSUS","2002","YEAR","","STATE","WYOMING","56","","","","","","","00000000","","ANIMAL TOTALS","ANIMAL TOTALS, INCL PRODUCTS - SALES, MEASURED IN $","TOTAL","NOT SPECIFIED","726,111,000",""
"CENSUS","1997","YEAR","","STATE","ALABAMA","01","","","","","","","00000000","","ANIMAL TOTALS","ANIMAL TOTALS, INCL PRODUCTS - SALES, MEASURED IN $","TOTAL","NOT SPECIFIED","2,542,444,000",""
"CENSUS","1997","YEAR","","STATE","ALASKA","02","","","","","","","00000000","","ANIMAL TOTALS","ANIMAL TOTALS, INCL PRODUCTS - SALES, MEASURED IN $","TOTAL","NOT SPECIFIED","8,682,000",""
"CENSUS","1997","YEAR","","STATE","ARIZONA","04","","","","","","","00000000","","ANIMAL TOTALS","ANIMAL TOTALS, INCL PRODUCTS - SALES, MEASURED IN $","TOTAL","NOT SPECIFIED","694,814,000",""
"CENSUS","1997","YEAR","","STATE","ARKANSAS","05","","","","","","","00000000","","ANIMAL TOTALS","ANIMAL TOTALS, INCL PRODUCTS - SALES, MEASURED IN $","TOTAL","NOT SPECIFIED","3,380,717,000",""
"CENSUS","1997","YEAR","","STATE","CALIFORNIA","06","","","","","","","00000000","","ANIMAL TOTALS","ANIMAL TOTALS, INCL PRODUCTS - SALES, MEASURED IN $","TOTAL","NOT SPECIFIED","6,078,374,000",""
"CENSUS","1997","YEAR","","STATE","COLORADO","08","","","","","","","00000000","","ANIMAL TOTALS","ANIMAL TOTALS, INCL PRODUCTS - SALES, MEASURED IN $","TOTAL","NOT SPECIFIED","3,202,915,000",""
"CENSUS","1997","YEAR","","STATE","CONNECTICUT","09","","","","","","","00000000","","ANIMAL TOTALS","ANIMAL TOTALS, INCL PRODUCTS - SALES, MEASURED IN $","TOTAL","NOT SPECIFIED","160,922,000",""
"CENSUS","1997","YEAR","","STATE","DELAWARE","10","","","","","","","00000000","","ANIMAL TOTALS","ANIMAL TOTALS, INCL PRODUCTS - SALES, MEASURED IN $","TOTAL","NOT SPECIFIED","590,898,000",""
"CENSUS","1997","YEAR","","STATE","FLORIDA","12","","","","","","","00000000","","ANIMAL TOTALS","ANIMAL TOTALS, INCL PRODUCTS - SALES, MEASURED IN $","TOTAL","NOT SPECIFIED","1,284,385,000",""
"CENSUS","1997","YEAR","","STATE","GEORGIA","13","","","","","","","00000000","","ANIMAL TOTALS","ANIMAL TOTALS, INCL PRODUCTS - SALES, MEASURED IN $","TOTAL","NOT SPECIFIED","3,187,272,000",""
"CENSUS","1997","YEAR","","STATE","HAWAII","15","","","","","","","00000000","","ANIMAL TOTALS","ANIMAL TOTALS, INCL PRODUCTS - SALES, MEASURED IN $","TOTAL","NOT SPECIFIED","95,524,000",""
"CENSUS","1997","YEAR","","STATE","IDAHO","16","","","","","","","00000000","","ANIMAL TOTALS","ANIMAL TOTALS, INCL PRODUCTS - SALES, MEASURED IN $","TOTAL","NOT SPECIFIED","1,571,526,000",""
"CENSUS","1997","YEAR","","STATE","ILLINOIS","17","","","","","","","00000000","","ANIMAL TOTALS","ANIMAL TOTALS, INCL PRODUCTS - SALES, MEASURED IN $","TOTAL","NOT SPECIFIED","2,031,913,000",""
"CENSUS","1997","YEAR","","STATE","INDIANA","18","","","","","","","00000000","","ANIMAL TOTALS","ANIMAL TOTALS, INCL PRODUCTS - SALES, MEASURED IN $","TOTAL","NOT SPECIFIED","2,025,804,000",""
"CENSUS","1997","YEAR","","STATE","IOWA","19","","","","","","","00000000","","ANIMAL TOTALS","ANIMAL TOTALS, INCL PRODUCTS - SALES, MEASURED IN $","TOTAL","NOT SPECIFIED","5,780,489,000",""
"CENSUS","1997","YEAR","","STATE","KANSAS","20","","","","","","","00000000","","ANIMAL TOTALS","ANIMAL TOTALS, INCL PRODUCTS - SALES, MEASURED IN $","TOTAL","NOT SPECIFIED","5,960,622,000",""
"CENSUS","1997","YEAR","","STATE","KENTUCKY","21","","","","","","","00000000","","ANIMAL TOTALS","ANIMAL TOTALS, INCL PRODUCTS - SALES, MEASURED IN $","TOTAL","NOT SPECIFIED","1,547,847,000",""
"CENSUS","1997","YEAR","","STATE","LOUISIANA","22","","","","","","","00000000","","ANIMAL TOTALS","ANIMAL TOTALS, INCL PRODUCTS - SALES, MEASURED IN $","TOTAL","NOT SPECIFIED","684,837,000",""
"CENSUS","1997","YEAR","","STATE","MAINE","23","","","","","","","00000000","","ANIMAL TOTALS","ANIMAL TOTALS, INCL PRODUCTS - SALES, MEASURED IN $","TOTAL","NOT SPECIFIED","230,678,000",""
"CENSUS","1997","YEAR","","STATE","MARYLAND","24","","","","","","","00000000","","ANIMAL TOTALS","ANIMAL TOTALS, INCL PRODUCTS - SALES, MEASURED IN $","TOTAL","NOT SPECIFIED","914,851,000",""
"CENSUS","1997","YEAR","","STATE","MASSACHUSETTS","25","","","","","","","00000000","","ANIMAL TOTALS","ANIMAL TOTALS, INCL PRODUCTS - SALES, MEASURED IN $","TOTAL","NOT SPECIFIED","98,596,000",""
"CENSUS","1997","YEAR","","STATE","MICHIGAN","26","","","","","","","00000000","","ANIMAL TOTALS","ANIMAL TOTALS, INCL PRODUCTS - SALES, MEASURED IN $","TOTAL","NOT SPECIFIED","1,380,183,000",""
"CENSUS","1997","YEAR","","STATE","MINNESOTA","27","","","","","","","00000000","","ANIMAL TOTALS","ANIMAL TOTALS, INCL PRODUCTS - SALES, MEASURED IN $","TOTAL","NOT SPECIFIED","4,092,288,000",""
"CENSUS","1997","YEAR","","STATE","MISSISSIPPI","28","","","","","","","00000000","","ANIMAL TOTALS","ANIMAL TOTALS, INCL PRODUCTS - SALES, MEASURED IN $","TOTAL","NOT SPECIFIED","2,140,420,000",""
"CENSUS","1997","YEAR","","STATE","MISSOURI","29","","","","","","","00000000","","ANIMAL TOTALS","ANIMAL TOTALS, INCL PRODUCTS - SALES, MEASURED IN $","TOTAL","NOT SPECIFIED","3,076,070,000",""
"CENSUS","1997","YEAR","","STATE","MONTANA","30","","","","","","","00000000","","ANIMAL TOTALS","ANIMAL TOTALS, INCL PRODUCTS - SALES, MEASURED IN $","TOTAL","NOT SPECIFIED","969,303,000",""
"CENSUS","1997","YEAR","","STATE","NEBRASKA","31","","","","","","","00000000","","ANIMAL TOTALS","ANIMAL TOTALS, INCL PRODUCTS - SALES, MEASURED IN $","TOTAL","NOT SPECIFIED","6,056,130,000",""
"CENSUS","1997","YEAR","","STATE","NEVADA","32","","","","","","","00000000","","ANIMAL TOTALS","ANIMAL TOTALS, INCL PRODUCTS - SALES, MEASURED IN $","TOTAL","NOT SPECIFIED","205,643,000",""
"CENSUS","1997","YEAR","","STATE","NEW HAMPSHIRE","33","","","","","","","00000000","","ANIMAL TOTALS","ANIMAL TOTALS, INCL PRODUCTS - SALES, MEASURED IN $","TOTAL","NOT SPECIFIED","77,665,000",""
"CENSUS","1997","YEAR","","STATE","NEW JERSEY","34","","","","","","","00000000","","ANIMAL TOTALS","ANIMAL TOTALS, INCL PRODUCTS - SALES, MEASURED IN $","TOTAL","NOT SPECIFIED","106,613,000",""
"CENSUS","1997","YEAR","","STATE","NEW MEXICO","35","","","","","","","00000000","","ANIMAL TOTALS","ANIMAL TOTALS, INCL PRODUCTS - SALES, MEASURED IN $","TOTAL","NOT SPECIFIED","1,167,893,000",""
"CENSUS","1997","YEAR","","STATE","NEW YORK","36","","","","","","","00000000","","ANIMAL TOTALS","ANIMAL TOTALS, INCL PRODUCTS - SALES, MEASURED IN $","TOTAL","NOT SPECIFIED","1,864,222,000",""
"CENSUS","1997","YEAR","","STATE","NORTH CAROLINA","37","","","","","","","00000000","","ANIMAL TOTALS","ANIMAL TOTALS, INCL PRODUCTS - SALES, MEASURED IN $","TOTAL","NOT SPECIFIED","5,231,707,000",""
"CENSUS","1997","YEAR","","STATE","NORTH DAKOTA","38","","","","","","","00000000","","ANIMAL TOTALS","ANIMAL TOTALS, INCL PRODUCTS - SALES, MEASURED IN $","TOTAL","NOT SPECIFIED","678,214,000",""
"CENSUS","1997","YEAR","","STATE","OHIO","39","","","","","","","00000000","","ANIMAL TOTALS","ANIMAL TOTALS, INCL PRODUCTS - SALES, MEASURED IN $","TOTAL","NOT SPECIFIED","1,873,429,000",""
"CENSUS","1997","YEAR","","STATE","OKLAHOMA","40","","","","","","","00000000","","ANIMAL TOTALS","ANIMAL TOTALS, INCL PRODUCTS - SALES, MEASURED IN $","TOTAL","NOT SPECIFIED","3,302,048,000",""
"CENSUS","1997","YEAR","","STATE","OREGON","41","","","","","","","00000000","","ANIMAL TOTALS","ANIMAL TOTALS, INCL PRODUCTS - SALES, MEASURED IN $","TOTAL","NOT SPECIFIED","856,355,000",""
"CENSUS","1997","YEAR","","STATE","PENNSYLVANIA","42","","","","","","","00000000","","ANIMAL TOTALS","ANIMAL TOTALS, INCL PRODUCTS - SALES, MEASURED IN $","TOTAL","NOT SPECIFIED","2,794,725,000",""
"CENSUS","1997","YEAR","","STATE","RHODE ISLAND","44","","","","","","","00000000","","ANIMAL TOTALS","ANIMAL TOTALS, INCL PRODUCTS - SALES, MEASURED IN $","TOTAL","NOT SPECIFIED","9,661,000",""
"CENSUS","1997","YEAR","","STATE","SOUTH CAROLINA","45","","","","","","","00000000","","ANIMAL TOTALS","ANIMAL TOTALS, INCL PRODUCTS - SALES, MEASURED IN $","TOTAL","NOT SPECIFIED","858,086,000",""
"CENSUS","1997","YEAR","","STATE","SOUTH DAKOTA","46","","","","","","","00000000","","ANIMAL TOTALS","ANIMAL TOTALS, INCL PRODUCTS - SALES, MEASURED IN $","TOTAL","NOT SPECIFIED","1,919,692,000",""
"CENSUS","1997","YEAR","","STATE","TENNESSEE","47","","","","","","","00000000","","ANIMAL TOTALS","ANIMAL TOTALS, INCL PRODUCTS - SALES, MEASURED IN $","TOTAL","NOT SPECIFIED","1,089,261,000",""
"CENSUS","1997","YEAR","","STATE","TEXAS","48","","","","","","","00000000","","ANIMAL TOTALS","ANIMAL TOTALS, INCL PRODUCTS - SALES, MEASURED IN $","TOTAL","NOT SPECIFIED","9,540,334,000",""
"CENSUS","1997","YEAR","","STATE","UTAH","49","","","","","","","00000000","","ANIMAL TOTALS","ANIMAL TOTALS, INCL PRODUCTS - SALES, MEASURED IN $","TOTAL","NOT SPECIFIED","633,243,000",""
"CENSUS","1997","YEAR","","STATE","VERMONT","50","","","","","","","00000000","","ANIMAL TOTALS","ANIMAL TOTALS, INCL PRODUCTS - SALES, MEASURED IN $","TOTAL","NOT SPECIFIED","415,007,000",""
"CENSUS","1997","YEAR","","STATE","VIRGINIA","51","","","","","","","00000000","","ANIMAL TOTALS","ANIMAL TOTALS, INCL PRODUCTS - SALES, MEASURED IN $","TOTAL","NOT SPECIFIED","1,600,769,000",""
"CENSUS","1997","YEAR","","STATE","WASHINGTON","53","","","","","","","00000000","","ANIMAL TOTALS","ANIMAL TOTALS, INCL PRODUCTS - SALES, MEASURED IN $","TOTAL","NOT SPECIFIED","1,544,362,000",""
"CENSUS","1997","YEAR","","STATE","WEST VIRGINIA","54","","","","","","","00000000","","ANIMAL TOTALS","ANIMAL TOTALS, INCL PRODUCTS - SALES, MEASURED IN $","TOTAL","NOT SPECIFIED","390,423,000",""
"CENSUS","1997","YEAR","","STATE","WISCONSIN","55","","","","","","","00000000","","ANIMAL TOTALS","ANIMAL TOTALS, INCL PRODUCTS - SALES, MEASURED IN $","TOTAL","NOT SPECIFIED","4,039,613,000",""
"CENSUS","1997","YEAR","","STATE","WYOMING","56","","","","","","","00000000","","ANIMAL TOTALS","ANIMAL TOTALS, INCL PRODUCTS - SALES, MEASURED IN $","TOTAL","NOT SPECIFIED","723,549,000",""
